"key","secret","scope","status","evidence"
"ai_embedding_api_key","secret","platform-wide","referenced-in-code","src grep systemSetting"
"ai_embedding_base_url","non-secret","platform-wide","referenced-in-code","src grep systemSetting"
"ai_enabled","non-secret","platform-wide","referenced-in-code","src grep systemSetting"
"ai_gateway_enabled","non-secret","platform-wide","referenced-in-code","src grep systemSetting"
"ai_gateway_last_checked_at","non-secret","platform-wide","referenced-in-code","src grep systemSetting"
"ai_gateway_last_status","non-secret","platform-wide","referenced-in-code","src grep systemSetting"
"ai_model_chat","non-secret","platform-wide","referenced-in-code","src grep systemSetting"
"ai_model_complex","non-secret","platform-wide","referenced-in-code","src grep systemSetting"
"ai_model_content","non-secret","platform-wide","referenced-in-code","src grep systemSetting"
"ai_model_embedding","non-secret","platform-wide","referenced-in-code","src grep systemSetting"
"ai_model_fallback","non-secret","platform-wide","referenced-in-code","src grep systemSetting"
"ai_model_router","non-secret","platform-wide","referenced-in-code","src grep systemSetting"
"ai_model_simple","non-secret","platform-wide","referenced-in-code","src grep systemSetting"
"ai_model_wholesale","non-secret","platform-wide","referenced-in-code","src grep systemSetting"
"ai_seo_article_prompt","non-secret","platform-wide","referenced-in-code","src grep systemSetting"
"ai_seo_faq_prompt","non-secret","platform-wide","referenced-in-code","src grep systemSetting"
"ai_seo_prompt_base","non-secret","platform-wide","referenced-in-code","src grep systemSetting"
"ai_seo_prompt_brand","non-secret","platform-wide","referenced-in-code","src grep systemSetting"
"ai_seo_prompt_category","non-secret","platform-wide","referenced-in-code","src grep systemSetting"
"ai_seo_prompt_description","non-secret","platform-wide","referenced-in-code","src grep systemSetting"
"ai_seo_prompt_features","non-secret","platform-wide","referenced-in-code","src grep systemSetting"
"ai_seo_prompt_fulldesc","non-secret","platform-wide","referenced-in-code","src grep systemSetting"
"ai_seo_prompt_price","non-secret","platform-wide","referenced-in-code","src grep systemSetting"
"ai_seo_prompt_specs","non-secret","platform-wide","referenced-in-code","src grep systemSetting"
"ai_seo_prompt_type","non-secret","platform-wide","referenced-in-code","src grep systemSetting"
"ai_seo_prompt_variants","non-secret","platform-wide","referenced-in-code","src grep systemSetting"
"blog_ai_auto_continue","non-secret","platform-wide","referenced-in-code","src grep systemSetting"
"blog_ai_chunk_size","non-secret","platform-wide","referenced-in-code","src grep systemSetting"
"blog_ai_max_chunks","non-secret","platform-wide","referenced-in-code","src grep systemSetting"
"blog_ai_overlap_tokens","secret","platform-wide","referenced-in-code","src grep systemSetting"
"blog_comments","non-secret","platform-wide","referenced-in-code","src grep systemSetting"
"blog_comments_control","non-secret","platform-wide","referenced-in-code","src grep systemSetting"
"blog_posts","non-secret","platform-wide","referenced-in-code","src grep systemSetting"
"central_bale_bot_api_key","secret","platform-wide","referenced-in-code","src grep systemSetting"
"central_bale_bot_token","secret","platform-wide","referenced-in-code","src grep systemSetting"
"central_telegram_bot_api_key","secret","platform-wide","referenced-in-code","src grep systemSetting"
"central_telegram_bot_token","secret","platform-wide","referenced-in-code","src grep systemSetting"
"global_melipayamak_password","secret","platform-wide","referenced-in-code","src grep systemSetting"
"global_melipayamak_pattern_code","non-secret","platform-wide","referenced-in-code","src grep systemSetting"
"global_melipayamak_username","non-secret","platform-wide","referenced-in-code","src grep systemSetting"
"openrouter_api_key","secret","platform-wide","referenced-in-code","src grep systemSetting"
"openrouter_blog_model","non-secret","platform-wide","referenced-in-code","src grep systemSetting"
"openrouter_control_model","non-secret","platform-wide","referenced-in-code","src grep systemSetting"
"openrouter_model","non-secret","platform-wide","referenced-in-code","src grep systemSetting"
"pexels_api_key","secret","platform-wide","referenced-in-code","src grep systemSetting"
"platform_blog_faq_model","non-secret","platform-wide","referenced-in-code","src grep systemSetting"
"platform_blog_geo_model","non-secret","platform-wide","referenced-in-code","src grep systemSetting"
"platform_blog_idea_model","non-secret","platform-wide","referenced-in-code","src grep systemSetting"
"platform_blog_outline_model","non-secret","platform-wide","referenced-in-code","src grep systemSetting"
"platform_blog_rewrite_model","non-secret","platform-wide","referenced-in-code","src grep systemSetting"
"platform_blog_section_model","non-secret","platform-wide","referenced-in-code","src grep systemSetting"
"platform_blog_seo_model","non-secret","platform-wide","referenced-in-code","src grep systemSetting"
"poof_api_key","secret","platform-wide","referenced-in-code","src grep systemSetting"
"saas_comparisons","non-secret","platform-wide","referenced-in-code","src grep systemSetting"
"saas_demos","non-secret","platform-wide","referenced-in-code","src grep systemSetting"
"saas_faqs","non-secret","platform-wide","referenced-in-code","src grep systemSetting"
"saas_features","non-secret","platform-wide","referenced-in-code","src grep systemSetting"
"saas_hero_subtitle","non-secret","platform-wide","referenced-in-code","src grep systemSetting"
"saas_hero_title","non-secret","platform-wide","referenced-in-code","src grep systemSetting"
"saas_meta_desc","non-secret","platform-wide","referenced-in-code","src grep systemSetting"
"saas_meta_title","non-secret","platform-wide","referenced-in-code","src grep systemSetting"
"saas_platform","non-secret","platform-wide","referenced-in-code","src grep systemSetting"
"saas_pricing","non-secret","platform-wide","referenced-in-code","src grep systemSetting"
"saas_primary_cta","non-secret","platform-wide","referenced-in-code","src grep systemSetting"
"saas_prompts","non-secret","platform-wide","referenced-in-code","src grep systemSetting"
"saas_secondary_cta","non-secret","platform-wide","referenced-in-code","src grep systemSetting"
